{
  "phase": 1,
  "dataset_name": "Indiana Chest X-Ray (IU-XRay)",
  "num_training_images": 1000,
  "num_validation_images": 200,
  "num_test_images": 150,
  "batch_size": 32,
  "test_loss": 0.5436833500862122,
  "test_accuracy": 0.8805369138717651,
  "epochs_trained": 15,
  "vocab_size": 2410,
  "model_parameters": 25362826,
  "training_history": {
    "loss": [
      1.912232756614685,
      1.0438108444213867,
      1.0080102682113647,
      0.9836022257804871,
      0.955231249332428,
      0.9204910397529602,
      0.8773422241210938,
      0.8347584009170532,
      0.7970852851867676,
      0.7641838192939758,
      0.7315605282783508,
      0.7050766348838806,
      0.6802414655685425,
      0.6558516621589661,
      0.6371532082557678
    ],
    "accuracy": [
      0.7849530577659607,
      0.8187784552574158,
      0.8209866285324097,
      0.8225772380828857,
      0.8246442079544067,
      0.8274965882301331,
      0.8338522911071777,
      0.8384832739830017,
      0.8434362411499023,
      0.8470939993858337,
      0.8516308069229126,
      0.8545302152633667,
      0.8584294319152832,
      0.8619866967201233,
      0.8646913170814514
    ],
    "val_loss": [
      1.1285244226455688,
      1.0166760683059692,
      0.9935509562492371,
      0.9608988761901855,
      0.9246556758880615,
      0.8852564096450806,
      0.8319584131240845,
      0.7910332679748535,
      0.751004159450531,
      0.7167260646820068,
      0.6911908984184265,
      0.6568052768707275,
      0.6296952962875366,
      0.6058981418609619,
      0.582045316696167
    ],
    "val_accuracy": [
      0.81671142578125,
      0.819865882396698,
      0.8224833011627197,
      0.8234228491783142,
      0.826476514339447,
      0.8343623876571655,
      0.8381879329681396,
      0.8417113423347473,
      0.8465436697006226,
      0.8540940284729004,
      0.8592281937599182,
      0.8640267848968506,
      0.8671141266822815,
      0.8705368638038635,
      0.8733221292495728
    ]
  }
}